Sheena,Duncan,sduncan0@nhs.uk
Davy,Kernes,dkernes1@springer.com
Herculie,Drayton,hdrayton2@fema.gov
Becki,Norvill,bnorvill3@shutterfly.com
Philip,Bon,pbon4@de.vu
Justis,Turle,jturle5@dmoz.org
Moss,Haldon,mhaldon6@huffingtonpost.com
Omero,Rowaszkiewicz,orowaszkiewicz7@usatoday.com
Natty,Heathwood,nheathwood8@people.com.cn
Nilson,Simmonite,nsimmonite9@youku.com
Itch,Charrisson,icharrissona@blinklist.com
Cart,Skews,cskewsb@wordpress.org
Webster,Brownsett,wbrownsettc@seesaa.net
Hazel,Peaker,hpeakerd@tamu.edu
Luther,Fenny,lfennye@google.nl
Phaidra,Brogden,pbrogdenf@uiuc.edu
Aristotle,Carnegie,acarnegieg@people.com.cn
Lenci,Abson,labsonh@nyu.edu
Merline,Croughan,mcroughani@auda.org.au
Roch,Riping,rripingj@discovery.com
Devlin,Pomeroy,dpomeroyk@omniture.com
Barty,Stove,bstovel@indiegogo.com
Dorey,Sewley,dsewleym@apple.com
Fairleigh,Clail,fclailn@constantcontact.com
Manuel,Sabater,msabatero@facebook.com
Chet,Hellsdon,chellsdonp@instagram.com
Roman,Hewes,rhewesq@blogspot.com
Courtney,Zanioletti,czaniolettir@oaic.gov.au
Malynda,Antonucci,mantonuccis@slashdot.org
Reggy,Growcock,rgrowcockt@twitpic.com
Jennie,Strapp,jstrappu@intel.com
Howey,Keppel,hkeppelv@furl.net
Berkeley,Longford,blongfordw@reference.com
Caddric,Ben-Aharon,cbenaharonx@theglobeandmail.com
Buddie,Vial,bvialy@princeton.edu
Maurizio,Frankish,mfrankishz@ifeng.com
Sydney,July,sjuly10@cpanel.net
Amata,Wakerley,awakerley11@freewebs.com
Connie,Mably,cmably12@phoca.cz
Cirstoforo,Sawkin,csawkin13@domainmarket.com
Rorie,Bullan,rbullan14@disqus.com
Guthrey,Pettman,gpettman15@amazon.co.uk
Calla,Bulgen,cbulgen16@usgs.gov
Briant,McVane,bmcvane17@salon.com
Phaidra,Hedan,phedan18@shutterfly.com
Nev,Chatelet,nchatelet19@wsj.com
Nerte,Taudevin,ntaudevin1a@xinhuanet.com
Ody,Goman,ogoman1b@yandex.ru
Marcela,Esherwood,mesherwood1c@webeden.co.uk
Hal,Bowering,hbowering1d@ycombinator.com
Billi,Freake,bfreake1e@abc.net.au
Phip,Whimper,pwhimper1f@cocolog-nifty.com
Gaultiero,Marsie,gmarsie1g@1und1.de
Odo,Claremont,oclaremont1h@mysql.com
Sigismund,Scarrott,sscarrott1i@mtv.com
Alyssa,Loade,aloade1j@sitemeter.com
Derk,Dutson,ddutson1k@hc360.com
Nellie,Rawkesby,nrawkesby1l@latimes.com
Dougy,Smithyman,dsmithyman1m@liveinternet.ru
Jose,Grishmanov,jgrishmanov1n@seesaa.net
Jessamine,Pactat,jpactat1o@barnesandnoble.com
Jody,Ziemsen,jziemsen1p@hexun.com
Kath,Bontein,kbontein1q@who.int
Tandi,De Lasci,tdelasci1r@dyndns.org
Wilhelm,Upshall,wupshall1s@tripod.com
Haven,Vlasyuk,hvlasyuk1t@rediff.com
Verne,Speare,vspeare1u@rakuten.co.jp
Leonelle,Denziloe,ldenziloe1v@soundcloud.com
Dolph,McBratney,dmcbratney1w@miitbeian.gov.cn
Celene,O'Henery,cohenery1x@goo.gl
Julietta,Tidman,jtidman1y@salon.com
Rawley,Sam,rsam1z@wikispaces.com
Trey,Fyers,tfyers20@arizona.edu
Kevin,Giacobelli,kgiacobelli21@e-recht24.de
Zed,Adnams,zadnams22@godaddy.com
Ines,Kuhnel,ikuhnel23@mayoclinic.com
Emmalynne,Lemery,elemery24@newsvine.com
Alida,Labba,alabba25@msn.com
Tallulah,Cluet,tcluet26@ed.gov
Tanitansy,Haggidon,thaggidon27@google.com.hk
Caria,Gethins,cgethins28@geocities.com
Raffarty,Fettis,rfettis29@ustream.tv
Kitti,Remmers,kremmers2a@ca.gov
Karim,MacArd,kmacard2b@independent.co.uk
Barbabra,Rubinovitsch,brubinovitsch2c@wikimedia.org
Morrie,Comar,mcomar2d@nymag.com
Gwen,Parlot,gparlot2e@topsy.com
Avram,L'Episcopi,alepiscopi2f@imgur.com
Kelci,Brazelton,kbrazelton2g@facebook.com
Jeffie,Casseldine,jcasseldine2h@com.com
Elden,Sandeford,esandeford2i@ycombinator.com
Wylma,Mardle,wmardle2j@ihg.com
Regan,Odeson,rodeson2k@squidoo.com
Erick,Donkersley,edonkersley2l@uol.com.br
Marianne,Calf,mcalf2m@umich.edu
Thekla,Jenton,tjenton2n@sfgate.com
Jarrett,Spiers,jspiers2o@so-net.ne.jp
Darrelle,Fockes,dfockes2p@wikia.com
Son,Huggon,shuggon2q@oracle.com
Tanya,Bes,tbes2r@google.co.uk
Camey,Face,cface2s@paypal.com
Pierrette,Oret,poret2t@economist.com
Coop,Gunner,cgunner2u@hhs.gov
Derry,Tunstall,dtunstall2v@baidu.com
Odell,Alton,oalton2w@livejournal.com
Al,Davisson,adavisson2x@deviantart.com
Bordie,Pead,bpead2y@icq.com
Stavros,Sewell,ssewell2z@nytimes.com
Aurelie,McGawn,amcgawn30@wisc.edu
Harley,Noe,hnoe31@delicious.com
Padget,Venditti,pvenditti32@time.com
Pierette,Prevett,pprevett33@marketwatch.com
Mandi,Fludder,mfludder34@nymag.com
Terese,Testin,ttestin35@gizmodo.com
Faulkner,Chester,fchester36@weibo.com
Becki,Troctor,btroctor37@home.pl
Mathian,Lechmere,mlechmere38@amazon.co.uk
Nobe,Gonzalo,ngonzalo39@china.com.cn
Bride,Klageman,bklageman3a@imdb.com
Viviene,Vautre,vvautre3b@weibo.com
Mair,Fowler,mfowler3c@yandex.ru
Bethena,Marusyak,bmarusyak3d@linkedin.com
Adelaide,Didsbury,adidsbury3e@amazonaws.com
Kristine,Grishankov,kgrishankov3f@businesswire.com
Dale,Walthew,dwalthew3g@ucsd.edu
Clareta,Yven,cyven3h@reddit.com
Emmalynne,Winscum,ewinscum3i@pagesperso-orange.fr
Remington,Kirkham,rkirkham3j@ft.com
Odilia,Givens,ogivens3k@twitpic.com
Rafaelita,Saltrese,rsaltrese3l@nifty.com
Reg,Gurdon,rgurdon3m@wikimedia.org
Tommi,Clyburn,tclyburn3n@umich.edu
Zonnya,Lascell,zlascell3o@rediff.com
Agna,Skule,askule3p@canalblog.com
Richart,Shafto,rshafto3q@cbsnews.com
Sherill,Cappel,scappel3r@epa.gov
Malva,McQuin,mmcquin3s@businesswire.com
Daniella,Stiegars,dstiegars3t@amazon.co.jp
Ardelis,Pozzo,apozzo3u@examiner.com
Evangeline,Tenney,etenney3v@economist.com
Kaia,Dyhouse,kdyhouse3w@nifty.com
Gloria,Dewes,gdewes3x@livejournal.com
Andriana,Bridgewood,abridgewood3y@sourceforge.net
Alexei,Dewi,adewi3z@multiply.com
Margo,Gunthorp,mgunthorp40@hibu.com
Angy,Cram,acram41@over-blog.com
Maurits,Stroband,mstroband42@devhub.com
Mellie,Edon,medon43@businesswire.com
Edithe,Sigge,esigge44@oracle.com
Dierdre,McElree,dmcelree45@issuu.com
Brit,Dodge,bdodge46@51.la
Whitman,Rossant,wrossant47@qq.com
Sheeree,Stanbridge,sstanbridge48@ask.com
Hyacinthie,Baldin,hbaldin49@addtoany.com
Adaline,Foale,afoale4a@sun.com
Farand,Cramond,fcramond4b@multiply.com
Teresina,Albrighton,talbrighton4c@pen.io
Nanice,Shenfish,nshenfish4d@oaic.gov.au
Edee,Kirrage,ekirrage4e@arizona.edu
Sallie,Haverty,shaverty4f@nytimes.com
Titos,Cecchi,tcecchi4g@si.edu
Rogers,Lobe,rlobe4h@sohu.com
Dorey,Trimming,dtrimming4i@google.cn
Angela,Halton,ahalton4j@goodreads.com
Norbert,Gresswood,ngresswood4k@sciencedaily.com
Felice,Matuszyk,fmatuszyk4l@artisteer.com
Kinnie,Letteresse,kletteresse4m@forbes.com
Pia,Holworth,pholworth4n@mit.edu
Latisha,Fitzpayn,lfitzpayn4o@t.co
Hercules,Everington,heverington4p@1688.com
Katrine,Juste,kjuste4q@soup.io
Koenraad,Gyorgy,kgyorgy4r@squarespace.com
Tess,Brigge,tbrigge4s@cpanel.net
Binnie,Hallwood,bhallwood4t@a8.net
Orran,Baker,obaker4u@de.vu
Leonora,Crick,lcrick4v@cbslocal.com
Lotte,Fleury,lfleury4w@google.co.jp
Pippa,Klawi,pklawi4x@networksolutions.com
Mady,Bazylets,mbazylets4y@pcworld.com
Mickie,Hatley,mhatley4z@prnewswire.com
Mufi,Powelee,mpowelee50@shinystat.com
Gale,Delacour,gdelacour51@seesaa.net
Bernarr,Albrecht,balbrecht52@de.vu
Oneida,Duffrie,oduffrie53@tripadvisor.com
Daile,Nairy,dnairy54@vkontakte.ru
Del,Jouaneton,djouaneton55@blog.com
Colby,Sommers,csommers56@spotify.com
Lorain,McElwee,lmcelwee57@webmd.com
Freddi,Effemy,feffemy58@shop-pro.jp
Ulrike,Tiery,utiery59@list-manage.com
Grethel,McKnockiter,gmcknockiter5a@cornell.edu
Valle,MacNamee,vmacnamee5b@icio.us
Cecil,Alesio,calesio5c@princeton.edu
Gasper,Acarson,gacarson5d@unesco.org
Jarrod,Copner,jcopner5e@home.pl
Livvie,Propper,lpropper5f@whitehouse.gov
Krystle,Shorey,kshorey5g@sun.com
Aldo,Blenkharn,ablenkharn5h@hud.gov
Randy,Goldthorp,rgoldthorp5i@java.com
Gael,Turneux,gturneux5j@edublogs.org
Breanne,Catton,bcatton5k@guardian.co.uk
Annabal,Halse,ahalse5l@canalblog.com
Lani,Bendson,lbendson5m@liveinternet.ru
Krystalle,Reddan,kreddan5n@google.co.uk
Pippa,Littlewood,plittlewood5o@pbs.org
Arly,Crut,acrut5p@goo.ne.jp
Erl,Stiven,estiven5q@adobe.com
Clary,Somerset,csomerset5r@drupal.org
Gerry,Hilary,ghilary5s@discuz.net
Wain,Couth,wcouth5t@sina.com.cn
Gustavus,Swenson,gswenson5u@technorati.com
Kevina,Domino,kdomino5v@instagram.com
Alessandra,Spring,aspring5w@aol.com
Hollyanne,Harlick,hharlick5x@meetup.com
Cobbie,Gallacher,cgallacher5y@usgs.gov
Donielle,Woolf,dwoolf5z@fema.gov
Iseabal,Santore,isantore60@yolasite.com
Arabel,Igounet,aigounet61@printfriendly.com
Harv,Morot,hmorot62@google.cn
Harlan,Elwood,helwood63@ft.com
Haze,Whewill,hwhewill64@meetup.com
Boothe,Domone,bdomone65@cdbaby.com
Berti,Dymidowski,bdymidowski66@soundcloud.com
Stormi,Yurinov,syurinov67@epa.gov
Finn,Seward,fseward68@mysql.com
Quintilla,Caldairou,qcaldairou69@businessinsider.com
Seumas,Pankhurst.,spankhurst6a@ning.com
Cary,Elies,celies6b@timesonline.co.uk
Amberly,Summerton,asummerton6c@free.fr
Merrick,Petyanin,mpetyanin6d@tuttocitta.it
Karmen,McClenaghan,kmcclenaghan6e@businesswire.com
Dennis,Bougen,dbougen6f@zdnet.com
Loni,Genery,lgenery6g@yellowpages.com
Marty,Bayle,mbayle6h@simplemachines.org
Orsa,Seater,oseater6i@yolasite.com
Kaylil,Ratke,kratke6j@bloglovin.com
Karee,Kurtis,kkurtis6k@ftc.gov
Harris,Stichall,hstichall6l@zdnet.com
Johann,Chasteney,jchasteney6m@purevolume.com
Jesselyn,Rosenstock,jrosenstock6n@nih.gov
Trish,Ibbs,tibbs6o@pen.io
Colet,Baudrey,cbaudrey6p@feedburner.com
Ayn,Lanegran,alanegran6q@delicious.com
Barnie,Caulcott,bcaulcott6r@netscape.com
Roxanne,Clampin,rclampin6s@sina.com.cn
Dermot,Spruce,dspruce6t@businessinsider.com
Constantin,Guitel,cguitel6u@wp.com
Georgena,Scotford,gscotford6v@cafepress.com
Bekki,Loges,bloges6w@naver.com
Victor,Heddon,vheddon6x@so-net.ne.jp
Concordia,O'Carney,cocarney6y@macromedia.com
Callean,Dunnan,cdunnan6z@delicious.com
Gretta,Kittel,gkittel70@qq.com
Lincoln,Ditchburn,lditchburn71@ft.com
Leonanie,Clemmitt,lclemmitt72@hp.com
Gallard,Bigglestone,gbigglestone73@zdnet.com
Yasmeen,Stainer,ystainer74@bluehost.com
Leelah,Pitney,lpitney75@xrea.com
Gerty,Avieson,gavieson76@g.co
Port,Bigg,pbigg77@posterous.com
Jorge,Stampe,jstampe78@slashdot.org
Briana,Kem,bkem79@canalblog.com
Victoir,Hevner,vhevner7a@google.co.uk
Alexandros,Alsobrook,aalsobrook7b@t.co
Tristam,Morrall,tmorrall7c@flickr.com
Obediah,Beckerleg,obeckerleg7d@unblog.fr
Nertie,Leppard,nleppard7e@csmonitor.com
Carey,Gherardelli,cgherardelli7f@slate.com
Lizzy,Longson,llongson7g@php.net
Maible,Bendin,mbendin7h@unesco.org
Darn,Cathenod,dcathenod7i@wiley.com
Creight,Quarton,cquarton7j@diigo.com
Netta,Rackley,nrackley7k@51.la
Zachery,Abramow,zabramow7l@wsj.com
Brooke,Mottini,bmottini7m@ft.com
Kizzee,Scutts,kscutts7n@baidu.com
Tiphani,McGrirl,tmcgrirl7o@odnoklassniki.ru
Erinn,Emeline,eemeline7p@apache.org
Grace,Balf,gbalf7q@paypal.com
Carlotta,Franscioni,cfranscioni7r@godaddy.com
Oswell,Janicijevic,ojanicijevic7s@diigo.com
Sophronia,Bernet,sbernet7t@mozilla.com
York,Pencot,ypencot7u@google.com.br
Gena,Wrassell,gwrassell7v@friendfeed.com
Herschel,Bebbington,hbebbington7w@acquirethisname.com
Carlos,Fireman,cfireman7x@constantcontact.com
Esther,Norway,enorway7y@answers.com
Shae,Latty,slatty7z@google.com.br
Maxy,Skaif,mskaif80@opera.com
Charyl,Pegg,cpegg81@tripadvisor.com
Alwyn,Falkingham,afalkingham82@rakuten.co.jp
Fran,Hanselman,fhanselman83@marketwatch.com
Barty,Gillford,bgillford84@nymag.com
Galen,Gregoletti,ggregoletti85@facebook.com
Raynard,Attac,rattac86@free.fr
Jefferey,Keilty,jkeilty87@illinois.edu
Courtney,Antoszewski,cantoszewski88@theguardian.com
Jodie,Maven,jmaven89@europa.eu
Jess,Lafranconi,jlafranconi8a@vimeo.com
Yorgos,Wadeling,ywadeling8b@eventbrite.com
Vilhelmina,Muirhead,vmuirhead8c@weibo.com
Ellswerth,Yellowlees,eyellowlees8d@ebay.com
Cleavland,Gosson,cgosson8e@boston.com
Kory,Secrett,ksecrett8f@reverbnation.com
Idell,Blankman,iblankman8g@miibeian.gov.cn
Carree,Gorstidge,cgorstidge8h@elegantthemes.com
Spike,Guillart,sguillart8i@msn.com
Feodora,Haggus,fhaggus8j@amazon.co.jp
Sheridan,Baillie,sbaillie8k@joomla.org
Raphael,Conville,rconville8l@about.me
Farlie,Chupin,fchupin8m@qq.com
Emmi,Sowte,esowte8n@mayoclinic.com
Teddie,Alflat,talflat8o@amazonaws.com
Cortney,Methringham,cmethringham8p@furl.net
Georgina,Olekhov,golekhov8q@sakura.ne.jp
Howard,Wanklin,hwanklin8r@weebly.com
Willamina,Pentecust,wpentecust8s@marriott.com
Kate,Goundsy,kgoundsy8t@jigsy.com
Basile,Ottam,bottam8u@toplist.cz
Brewer,Spriggin,bspriggin8v@illinois.edu
Marcelline,Beadel,mbeadel8w@about.com
Wylma,Dumphrey,wdumphrey8x@symantec.com
Lesly,Hardacre,lhardacre8y@etsy.com
Allissa,Errey,aerrey8z@time.com
Almeria,Jakubowsky,ajakubowsky90@alexa.com
Gradey,Warbys,gwarbys91@weebly.com
Debby,Janczyk,djanczyk92@ted.com
Hamnet,O'Conor,hoconor93@biglobe.ne.jp
Ive,Papps,ipapps94@marketwatch.com
Avis,Pappi,apappi95@nhs.uk
Babb,Grigoriev,bgrigoriev96@ehow.com
Maryellen,Whitton,mwhitton97@hao123.com
Steve,Drabble,sdrabble98@ifeng.com
Dita,Blackboro,dblackboro99@ovh.net
Quincey,Money,qmoney9a@netscape.com
Hildegarde,Rathborne,hrathborne9b@indiatimes.com
Neale,Davenall,ndavenall9c@shutterfly.com
Petronella,Rountree,prountree9d@icq.com
Marten,Emig,memig9e@baidu.com
Shawn,Gillitt,sgillitt9f@apple.com
Beverly,Washbrook,bwashbrook9g@histats.com
Maud,Mandres,mmandres9h@t-online.de
Kelby,Sinott,ksinott9i@ycombinator.com
Bea,Madoc-Jones,bmadocjones9j@blogtalkradio.com
Neil,Crate,ncrate9k@bbc.co.uk
Rhianon,Easterbrook,reasterbrook9l@creativecommons.org
Faber,Olek,folek9m@purevolume.com
Rici,Burnip,rburnip9n@cnn.com
Kaylil,Croker,kcroker9o@ocn.ne.jp
Jerry,Avrahamy,javrahamy9p@hubpages.com
Northrop,Kirmond,nkirmond9q@abc.net.au
Huberto,Gypps,hgypps9r@linkedin.com
Inglis,Vercruysse,ivercruysse9s@forbes.com
Griswold,Nacci,gnacci9t@newsvine.com
Andree,Fraulo,afraulo9u@blinklist.com
Dar,Oldacres,doldacres9v@last.fm
Lynea,Seedull,lseedull9w@slashdot.org
Tabbi,Rooper,trooper9x@indiegogo.com
Lennie,Saterthwait,lsaterthwait9y@yahoo.co.jp
Kristoffer,Dullard,kdullard9z@microsoft.com
Moselle,Jeffryes,mjeffryesa0@dell.com
Aubine,Raubenheimer,araubenheimera1@go.com
Afton,Brimman,abrimmana2@squidoo.com
Ronni,Legion,rlegiona3@4shared.com
Morrie,Hrycek,mhryceka4@liveinternet.ru
Kata,Haestier,khaestiera5@microsoft.com
Allegra,Whall,awhalla6@edublogs.org
Deidre,Bediss,dbedissa7@comsenz.com
Gail,Vallis,gvallisa8@networkadvertising.org
Kelley,Bromfield,kbromfielda9@harvard.edu
Delmer,Koppelmann,dkoppelmannaa@fda.gov
Gloriane,Bednell,gbednellab@infoseek.co.jp
Cherianne,Lintot,clintotac@ebay.com
Vinita,Grigoire,vgrigoiread@amazon.com
Winthrop,Gouldeby,wgouldebyae@chronoengine.com
Bryn,Blanko,bblankoaf@dell.com
Drusilla,Klimontovich,dklimontovichag@blogger.com
Tabitha,Brasner,tbrasnerah@accuweather.com
Rich,Canto,rcantoai@mapquest.com
Cammy,Izaac,cizaacaj@nps.gov
Susanne,Anthonsen,santhonsenak@businesswire.com
Nicolas,Cooke,ncookeal@tinyurl.com
Chan,Newbold,cnewboldam@japanpost.jp
Tobit,Merwe,tmerwean@accuweather.com
Alexandr,Faudrie,afaudrieao@chicagotribune.com
Evvy,Hedgeman,ehedgemanap@ovh.net
Cheryl,Mearing,cmearingaq@google.com.br
Lynna,Burnett,lburnettar@goodreads.com
Darcy,Aldritt,daldrittas@odnoklassniki.ru
Temple,McCrae,tmccraeat@usgs.gov
Harp,Rubbert,hrubbertau@skyrock.com
Kacie,Garken,kgarkenav@mac.com
Mattie,Saveall,msaveallaw@naver.com
Lura,Timson,ltimsonax@canalblog.com
Clayborne,Egginton,ceggintonay@fda.gov
Nettle,Glasgow,nglasgowaz@goodreads.com
Rainer,Ropkes,rropkesb0@istockphoto.com
Emeline,Foulks,efoulksb1@cbc.ca
Giulio,Misson,gmissonb2@wikispaces.com
Elijah,Balnaves,ebalnavesb3@dion.ne.jp
Anestassia,Lowis,alowisb4@cbsnews.com
Malcolm,Johnigan,mjohniganb5@is.gd
Ryan,Braidford,rbraidfordb6@bloglovin.com
Chauncey,Bernardt,cbernardtb7@msn.com
Faustine,Drover,fdroverb8@cloudflare.com
Lori,Kinnon,lkinnonb9@wikimedia.org
Malissia,Eathorne,meathorneba@xing.com
Marybeth,Toffanini,mtoffaninibb@huffingtonpost.com
Merrilee,Francklin,mfrancklinbc@stanford.edu
Giacopo,Vine,gvinebd@bing.com
Lark,Arlott,larlottbe@auda.org.au
Rockey,Lowery,rlowerybf@comsenz.com
Minny,Newdick,mnewdickbg@wordpress.com
Twila,Nitti,tnittibh@google.cn
Korrie,Burker,kburkerbi@techcrunch.com
Loleta,Thornbarrow,lthornbarrowbj@omniture.com
Pierre,Persian,ppersianbk@google.de
Fiann,Artharg,farthargbl@ocn.ne.jp
Duke,Sussans,dsussansbm@yellowpages.com
Clayborn,Fleetham,cfleethambn@netscape.com
Lek,Cornford,lcornfordbo@newyorker.com
Carolann,Guilbert,cguilbertbp@nhs.uk
Desirae,Saffon,dsaffonbq@is.gd
Ronda,Scarratt,rscarrattbr@bluehost.com
Jareb,Spragge,jspraggebs@newyorker.com
Putnam,Hayer,phayerbt@indiegogo.com
Stepha,Shevill,sshevillbu@un.org
Isis,Winterborne,iwinterbornebv@webmd.com
Bryant,Wallace,bwallacebw@epa.gov
Mohammed,Alban,malbanbx@ow.ly
Ollie,Groundwater,ogroundwaterby@artisteer.com
Marylinda,Behnen,mbehnenbz@tinyurl.com
Arte,Phillot,aphillotc0@lycos.com
Boycey,Trewett,btrewettc1@wired.com
Curt,Haffenden,chaffendenc2@harvard.edu
Ruprecht,Nelmes,rnelmesc3@illinois.edu
Lolita,Pidgeon,lpidgeonc4@amazon.com
Fayth,Crosland,fcroslandc5@narod.ru
Micky,Spurryer,mspurryerc6@engadget.com
Shandie,Springham,sspringhamc7@geocities.jp
Vere,Vasyatkin,vvasyatkinc8@washingtonpost.com
Freddie,Parrett,fparrettc9@desdev.cn
Violetta,Hammel,vhammelca@bluehost.com
Jackie,Bradlaugh,jbradlaughcb@dyndns.org
Quincey,Balderston,qbalderstoncc@last.fm
Nappie,Holwell,nholwellcd@nps.gov
Rhodie,Dust,rdustce@nsw.gov.au
Wainwright,McKane,wmckanecf@vkontakte.ru
Lauren,Dimitrescu,ldimitrescucg@utexas.edu
Allie,Very,averych@hugedomains.com
Haskell,Richardin,hrichardinci@apple.com
Roby,Dineen,rdineencj@cmu.edu
Lorrie,De Freyne,ldefreyneck@youtube.com
Dionisio,Poytheras,dpoytherascl@nymag.com
Alick,Grundell,agrundellcm@wordpress.org
Mariquilla,Bevans,mbevanscn@dailymail.co.uk
Brigg,Millmoe,bmillmoeco@sciencedirect.com
Romy,Anthony,ranthonycp@hud.gov
Breena,Penhearow,bpenhearowcq@eepurl.com
Rolando,Millgate,rmillgatecr@123-reg.co.uk
Hayyim,Shakesby,hshakesbycs@answers.com
Mickie,Kempshall,mkempshallct@chicagotribune.com
Justis,Karchewski,jkarchewskicu@deliciousdays.com
Karlyn,Vankin,kvankincv@upenn.edu
Art,Claypole,aclaypolecw@miitbeian.gov.cn
Nevins,Rubberts,nrubbertscx@simplemachines.org
Saunderson,Eby,sebycy@artisteer.com
Brandea,Zanussii,bzanussiicz@imgur.com
Frasco,Colter,fcolterd0@bbc.co.uk
Eugen,Edds,eeddsd1@weebly.com
Lynde,Elcombe,lelcombed2@networkadvertising.org
Abe,Challenor,achallenord3@weibo.com
Marleen,Gorling,mgorlingd4@washington.edu
Orbadiah,Macura,omacurad5@hp.com
Dottie,Celand,dcelandd6@earthlink.net
Fons,Widdows,fwiddowsd7@discuz.net
Alair,Arlow,aarlowd8@ucoz.ru
Guinevere,Chansonne,gchansonned9@livejournal.com
Jojo,Landon,jlandonda@amazon.co.uk
Parrnell,Luchelli,pluchellidb@cargocollective.com
Kirsten,Fury,kfurydc@usda.gov
Robinet,Fuente,rfuentedd@vk.com
Aili,MacAirt,amacairtde@hp.com
Lisetta,La Batie,llabatiedf@de.vu
Jobey,Aldrich,jaldrichdg@1688.com
Wilie,Verrick,wverrickdh@oracle.com
Bail,Malpass,bmalpassdi@myspace.com
Bibbie,Kyston,bkystondj@jugem.jp
Viviyan,Gatesman,vgatesmandk@nature.com
Devinne,Raitt,draittdl@macromedia.com
Deeann,Symon,dsymondm@epa.gov
Cassi,Dance,cdancedn@biblegateway.com
Masha,Clinnick,mclinnickdo@unicef.org
Carry,Winfield,cwinfielddp@ox.ac.uk
Jon,Jepson,jjepsondq@google.nl
Ramsey,Barnes,rbarnesdr@macromedia.com
Alaster,Cavanaugh,acavanaughds@smugmug.com
Amelie,Casini,acasinidt@tumblr.com
Brynn,Mabone,bmabonedu@blogs.com
Fabian,Lorinez,florinezdv@cdc.gov
Duncan,Worthington,dworthingtondw@google.ru
Karena,Treher,ktreherdx@usnews.com
Oates,Osorio,oosoriody@telegraph.co.uk
Ulberto,Stallon,ustallondz@prweb.com
Waylen,Anscott,wanscotte0@jimdo.com
Sol,Lindfors,slindforse1@skyrock.com
Arnoldo,Carluccio,acarluccioe2@google.fr
Kristofor,Smallpeice,ksmallpeicee3@acquirethisname.com
Virginie,McCalister,vmccalistere4@github.io
Edithe,Pawlaczyk,epawlaczyke5@discuz.net
Jenn,Gornall,jgornalle6@live.com
Shannah,Pettitt,spettitte7@cnet.com
Lorelei,Elcocks,lelcockse8@senate.gov
Tildy,Cartmell,tcartmelle9@smh.com.au
Obidiah,Bernth,obernthea@wikia.com
Twila,Wrankmore,twrankmoreeb@lulu.com
Aviva,Babon,ababonec@baidu.com
Zenia,Wellwood,zwellwooded@nsw.gov.au
Enrique,Eddis,eeddisee@mozilla.org
Minnnie,Epsley,mepsleyef@opera.com
Chuck,Giorgioni,cgiorgionieg@wikipedia.org
Coral,Shailer,cshailereh@studiopress.com
Hattie,Dooher,hdooherei@shinystat.com
Dorree,Vowells,dvowellsej@paginegialle.it
Phaedra,Blance,pblanceek@jalbum.net
Cinnamon,Johananoff,cjohananoffel@fotki.com
Olivia,Thow,othowem@arstechnica.com
Kathrine,Sonner,ksonneren@soundcloud.com
Everard,Wilkes,ewilkeseo@seesaa.net
Nichols,Goosey,ngooseyep@oracle.com
Abner,Edelston,aedelstoneq@bravesites.com
Kerrin,Draisey,kdraiseyer@chicagotribune.com
Reginauld,Grandin,rgrandines@chron.com
Jillie,Ledgeway,jledgewayet@netlog.com
Maxim,Stealfox,mstealfoxeu@people.com.cn
Alberta,Wallbanks,awallbanksev@tripadvisor.com
Jaquenette,Letty,jlettyew@cnn.com
Modestia,Jelleman,mjellemanex@bing.com
Rhonda,Soro,rsoroey@earthlink.net
Chiarra,Ropars,croparsez@quantcast.com
Antonia,Barraclough,abarracloughf0@furl.net
Cayla,Doneld,cdoneldf1@vkontakte.ru
Mathias,Barnfather,mbarnfatherf2@princeton.edu
Kinna,Keilty,kkeiltyf3@archive.org
Lily,Dawkins,ldawkinsf4@goo.gl
Hadleigh,Cranmore,hcranmoref5@mac.com
Estevan,Desaur,edesaurf6@360.cn
Queenie,Kinchlea,qkinchleaf7@washington.edu
Paul,Chaundy,pchaundyf8@com.com
Whitaker,Klas,wklasf9@google.ru
Cobb,Tunbridge,ctunbridgefa@tuttocitta.it
Beth,Lefwich,blefwichfb@1und1.de
Midge,Towsey,mtowseyfc@skyrock.com
Aurore,Hartland,ahartlandfd@opensource.org
Gabriel,Fones,gfonesfe@blog.com
Correy,Leathwood,cleathwoodff@hatena.ne.jp
Estel,Ollerearnshaw,eollerearnshawfg@youtube.com
Jaquith,Betancourt,jbetancourtfh@ted.com
Lotty,Andryushin,landryushinfi@ask.com
Natal,Marchand,nmarchandfj@foxnews.com
Felicdad,Elcy,felcyfk@answers.com
Olva,Wellum,owellumfl@is.gd
Hermine,Godney,hgodneyfm@parallels.com
Haslett,Ranklin,hranklinfn@behance.net
Rois,Lippitt,rlippittfo@liveinternet.ru
Jobey,Carrabot,jcarrabotfp@omniture.com
Louise,Erni,lernifq@scribd.com
Darnell,Dwyer,ddwyerfr@myspace.com
Nancy,Armand,narmandfs@howstuffworks.com
Fitz,Oylett,foylettft@ebay.co.uk
Rivalee,Volet,rvoletfu@cafepress.com
Nerissa,Salman,nsalmanfv@google.ru
Lorrie,St. Louis,lstlouisfw@arstechnica.com
Chevy,Quant,cquantfx@utexas.edu
Nikkie,Monsey,nmonseyfy@lycos.com
Hannis,Damato,hdamatofz@indiatimes.com
Silvester,Baulch,sbaulchg0@qq.com
Trix,Harden,thardeng1@blogger.com
Heath,Thorogood,hthorogoodg2@apple.com
Clementine,Zuanelli,czuanellig3@dagondesign.com
Alley,Berriman,aberrimang4@acquirethisname.com
Bengt,Brine,bbrineg5@vk.com
Malena,Pakenham,mpakenhamg6@scribd.com
Laina,Cheyney,lcheyneyg7@gmpg.org
Cordy,Blundel,cblundelg8@furl.net
Napoleon,Suche,nsucheg9@comsenz.com
Mureil,Woodrooffe,mwoodrooffega@behance.net
Edan,Sacks,esacksgb@jalbum.net
Valencia,Selland,vsellandgc@samsung.com
Bridget,Wiburn,bwiburngd@eventbrite.com
Isak,Spire,ispirege@washington.edu
Daphna,Manning,dmanninggf@youku.com
Sherry,Ayrs,sayrsgg@dropbox.com
Iain,Fittes,ifittesgh@cbc.ca
Bernarr,Kopmann,bkopmanngi@wunderground.com
Barbara,Bolsteridge,bbolsteridgegj@usda.gov
Ddene,Khristoforov,dkhristoforovgk@istockphoto.com
Elenore,Pudner,epudnergl@acquirethisname.com
Hillel,Carlett,hcarlettgm@ebay.co.uk
Neille,Grcic,ngrcicgn@hatena.ne.jp
Antonella,Hartill,ahartillgo@loc.gov
Elisha,Bake,ebakegp@de.vu
Ange,Girardi,agirardigq@senate.gov
Loella,Curtis,lcurtisgr@woothemes.com
Trixy,Egdal,tegdalgs@mozilla.com
Silvio,Paddock,spaddockgt@ted.com
Aeriell,Haldene,ahaldenegu@i2i.jp
Alexei,Ramirez,aramirezgv@gnu.org
Dulcea,Mander,dmandergw@dedecms.com
Shell,Clarridge,sclarridgegx@ebay.co.uk
Gizela,Bernhardsson,gbernhardssongy@google.co.jp
Brent,Canton,bcantongz@arizona.edu
Corenda,Gellan,cgellanh0@miitbeian.gov.cn
Meredith,Cavaney,mcavaneyh1@wikipedia.org
Arlette,Gorusso,agorussoh2@twitter.com
Orelee,O'Mara,oomarah3@usatoday.com
Bobbe,Saul,bsaulh4@wunderground.com
Timothee,McNerlin,tmcnerlinh5@google.fr
Merilee,Uff,muffh6@netlog.com
Giustino,Addis,gaddish7@altervista.org
Thekla,Geraudel,tgeraudelh8@toplist.cz
Sarene,Whittet,swhitteth9@seattletimes.com
Ophelia,MacTrustam,omactrustamha@pagesperso-orange.fr
Cristine,Ledson,cledsonhb@cocolog-nifty.com
Alina,Lindeberg,alindeberghc@comcast.net
Amelie,Braz,abrazhd@nhs.uk
Horacio,Burgwin,hburgwinhe@taobao.com
Jonathan,Derges,jdergeshf@is.gd
Joshia,Riccardini,jriccardinihg@apache.org
Claire,Celiz,ccelizhh@dyndns.org
Aundrea,Dosedale,adosedalehi@51.la
Merissa,Kendrick,mkendrickhj@skyrock.com
Christin,Gogerty,cgogertyhk@people.com.cn
Barbra,McNair,bmcnairhl@census.gov
Binnie,MacMoyer,bmacmoyerhm@gravatar.com
Issiah,Argabrite,iargabritehn@goodreads.com
Agnola,Duffil,aduffilho@tumblr.com
Odo,Turpey,oturpeyhp@mysql.com
Ase,Shirtcliffe,ashirtcliffehq@latimes.com
Daffi,Mithon,dmithonhr@acquirethisname.com
Coletta,Tetley,ctetleyhs@chicagotribune.com
Alice,Scanlin,ascanlinht@ycombinator.com
Silvanus,Towner,stownerhu@tripod.com
Hesther,Rothera,hrotherahv@tripadvisor.com
Olga,Reeken,oreekenhw@mapy.cz
Arden,Longforth,alongforthhx@list-manage.com
Mahmud,Queyeiro,mqueyeirohy@plala.or.jp
Ninetta,Antowski,nantowskihz@icio.us
Tove,Bread,tbreadi0@indiatimes.com
Natividad,Mallabund,nmallabundi1@bbb.org
Aubert,Trood,atroodi2@vimeo.com
Ede,Hendrick,ehendricki3@zdnet.com
Sonja,Blasio,sblasioi4@fema.gov
Anne-marie,Brognot,abrognoti5@live.com
Noak,Pellington,npellingtoni6@printfriendly.com
Cherice,Critchlow,ccritchlowi7@state.gov
Alwyn,Fettis,afettisi8@goo.ne.jp
Galven,Thelwll,gthelwlli9@harvard.edu
Gallagher,Gubbin,ggubbinia@ed.gov
Evyn,Trewhela,etrewhelaib@hubpages.com
Lauryn,Weatherhill,lweatherhillic@rediff.com
Derrick,Merlin,dmerlinid@tmall.com
Juliette,Hasnney,jhasnneyie@google.com.hk
Fleurette,Blint,fblintif@biglobe.ne.jp
Annemarie,Sallan,asallanig@google.com.br
Karlotte,Sigfrid,ksigfridih@go.com
Lindsay,Merrin,lmerrinii@army.mil
Luther,Durkin,ldurkinij@newyorker.com
Ferrel,Wigley,fwigleyik@aol.com
Sibelle,Meysham,smeyshamil@hao123.com
Kleon,Parfrey,kparfreyim@hhs.gov
Elga,O'Reilly,eoreillyin@purevolume.com
Gloriana,Skiggs,gskiggsio@who.int
Shirleen,Foston,sfostonip@fastcompany.com
Flss,Slaght,fslaghtiq@about.com
Claudie,Strutz,cstrutzir@princeton.edu
Kelwin,Chaloner,kchaloneris@craigslist.org
Shane,Sweett,ssweettit@squidoo.com
Opalina,Dore,odoreiu@themeforest.net
Burk,Pateman,bpatemaniv@xinhuanet.com
Ilaire,Assaf,iassafiw@umn.edu
Matty,Vischi,mvischiix@1688.com
Ogdan,Ghidoni,oghidoniiy@merriam-webster.com
Devy,Maile,dmaileiz@thetimes.co.uk
Vanya,Purselow,vpurselowj0@wikimedia.org
Sunny,Smeaton,ssmeatonj1@nytimes.com
Brigitta,Tompkinson,btompkinsonj2@purevolume.com
Eugenius,Lammerich,elammerichj3@last.fm
Belicia,Stamper,bstamperj4@earthlink.net
Nico,Shimwell,nshimwellj5@cnbc.com
Bobby,Schutze,bschutzej6@privacy.gov.au
Dotty,Yaakov,dyaakovj7@vkontakte.ru
Stefanie,Creffield,screffieldj8@dedecms.com
Benny,Fensome,bfensomej9@rakuten.co.jp
Constanta,Oglethorpe,coglethorpeja@goodreads.com
Ringo,McLemon,rmclemonjb@jugem.jp
Jacquie,Plowes,jplowesjc@myspace.com
Bank,O' Donohoe,bodonohoejd@disqus.com
Isidore,Leathard,ileathardje@edublogs.org
Sabine,Bidwell,sbidwelljf@xing.com
Sallee,Warburton,swarburtonjg@admin.ch
Rafaelita,Mockett,rmockettjh@biblegateway.com
Karisa,Muzzini,kmuzziniji@zimbio.com
Hadleigh,Karim,hkarimjj@stumbleupon.com
Zulema,Vaune,zvaunejk@smugmug.com
Kippie,Casebourne,kcasebournejl@google.com.hk
Boony,O'Shea,bosheajm@oaic.gov.au
Krispin,Cottem,kcottemjn@ed.gov
Meryl,Kobierski,mkobierskijo@about.com
Kalvin,Lidstone,klidstonejp@usda.gov
Ciel,Spearing,cspearingjq@bloglovin.com
Berti,Ivashev,bivashevjr@economist.com
Rafferty,Visco,rviscojs@soup.io
Sydel,Caldron,scaldronjt@opensource.org
Zena,Fey,zfeyju@hubpages.com
Maryanna,Troyes,mtroyesjv@parallels.com
Etta,Sterzaker,esterzakerjw@squidoo.com
Thaddus,Brownstein,tbrownsteinjx@ovh.net
Thorin,Timny,ttimnyjy@paginegialle.it
Priscella,Reichartz,preichartzjz@europa.eu
Doretta,MacDowall,dmacdowallk0@skyrock.com
Verene,Romaynes,vromaynesk1@devhub.com
Sonnnie,Crips,scripsk2@washingtonpost.com
Hayward,Dilnot,hdilnotk3@liveinternet.ru
Andie,Soden,asodenk4@wsj.com
Cassaundra,Wallman,cwallmank5@npr.org
Geraldine,Kuhn,gkuhnk6@naver.com
Sonnie,Pavinese,spavinesek7@smh.com.au
Rasla,Kinchington,rkinchingtonk8@gravatar.com
Tedra,Hassey,thasseyk9@ed.gov
Arabella,Frankum,afrankumka@csmonitor.com
Garnet,Gideon,ggideonkb@time.com
Angela,Dadson,adadsonkc@jiathis.com
Angele,Densell,adensellkd@bbc.co.uk
Bryant,Frodsam,bfrodsamke@yellowpages.com
Eugenio,Caccavella,ecaccavellakf@blogtalkradio.com
Even,Skally,eskallykg@time.com
Anderson,Haughey,ahaugheykh@artisteer.com
Corny,McPhilip,cmcphilipki@twitter.com
Franzen,Dossettor,fdossettorkj@economist.com
Luci,Classen,lclassenkk@sogou.com
Gae,Rizzotto,grizzottokl@aboutads.info
Lorri,Tesdale,ltesdalekm@cbslocal.com
Arnie,Shelford,ashelfordkn@sciencedaily.com
Dane,Marchetti,dmarchettiko@posterous.com
Danya,Hincks,dhinckskp@de.vu
Hartley,Micah,hmicahkq@histats.com
L;urette,Appleford,lapplefordkr@scribd.com
Gerladina,Kings,gkingsks@simplemachines.org
Charin,Cordero,ccorderokt@tamu.edu
Jandy,Wilbud,jwilbudku@blogs.com
Jillene,Skeemer,jskeemerkv@drupal.org
Ferdinande,Berard,fberardkw@google.com.au
Maribel,Shrive,mshrivekx@dailymotion.com
Ethelred,Lindeboom,elindeboomky@samsung.com
Padgett,Biernacki,pbiernackikz@alibaba.com
Henrie,Franca,hfrancal0@dagondesign.com
Earlie,Tattersdill,etattersdilll1@flavors.me
Sorcha,Battista,sbattistal2@cisco.com
Laughton,Rivallant,lrivallantl3@spiegel.de
Dukey,Frazer,dfrazerl4@deviantart.com
Brittani,Kirke,bkirkel5@gnu.org
Zsazsa,Hurt,zhurtl6@boston.com
Mitzi,Dowbakin,mdowbakinl7@ox.ac.uk
Bethanne,Rookledge,brookledgel8@techcrunch.com
Jodi,Londsdale,jlondsdalel9@who.int
Francklin,Lummis,flummisla@themeforest.net
Joycelin,Olech,jolechlb@dyndns.org
Borden,Portugal,bportugallc@ask.com
Daile,Crookshank,dcrookshankld@cdc.gov
Lauritz,Colley,lcolleyle@behance.net
Earle,Branno,ebrannolf@comcast.net
Mace,Housecroft,mhousecroftlg@indiatimes.com
Jeremiah,Deeny,jdeenylh@geocities.com
Jourdain,Eskrigge,jeskriggeli@va.gov
Jessamine,Bengall,jbengalllj@geocities.jp
Randi,Attaway,rattawaylk@wunderground.com
Rodolph,Capelen,rcapelenll@wp.com
Clerc,Judgkins,cjudgkinslm@prnewswire.com
Vassily,Anan,vananln@barnesandnoble.com
Thorsten,Langsdon,tlangsdonlo@telegraph.co.uk
Libbie,Whight,lwhightlp@skype.com
Lindi,Sewley,lsewleylq@macromedia.com
Verene,Pontain,vpontainlr@miitbeian.gov.cn
Ingmar,Kenryd,ikenrydls@cornell.edu
Ester,Housden,ehousdenlt@tuttocitta.it
Meara,Skedge,mskedgelu@china.com.cn
Bent,Upstell,bupstelllv@weibo.com
Beatrix,Gaucher,bgaucherlw@1und1.de
Tonya,Heffernon,theffernonlx@miibeian.gov.cn
Missie,Jowett,mjowettly@cnbc.com
Wandis,Skae,wskaelz@hao123.com
Jenn,Grzegorecki,jgrzegoreckim0@yale.edu
Mildrid,Barnewille,mbarnewillem1@shop-pro.jp
Sigismundo,Westwick,swestwickm2@princeton.edu
Dorice,Jellett,djellettm3@dropbox.com
Beaufort,Medcalf,bmedcalfm4@gizmodo.com
Janetta,Naton,jnatonm5@soundcloud.com
Celesta,Antonijevic,cantonijevicm6@yellowbook.com
Innis,Palke,ipalkem7@nifty.com
Palm,Tyson,ptysonm8@furl.net
Hurlee,Wix,hwixm9@bloglovin.com
Eugene,Brumham,ebrumhamma@upenn.edu
Michale,Barnsley,mbarnsleymb@wiley.com
Mellisent,Peschka,mpeschkamc@typepad.com
Dalila,Wallwork,dwallworkmd@behance.net
Kalvin,Britner,kbritnerme@g.co
Fran,Malec,fmalecmf@aboutads.info
Sidonnie,Leyrroyd,sleyrroydmg@webnode.com
Raymund,Loudyan,rloudyanmh@amazon.co.jp
Padget,Castelin,pcastelinmi@wired.com
Donetta,Happel,dhappelmj@jigsy.com
Hale,Lovewell,hlovewellmk@g.co
Kirstyn,Wilshaw,kwilshawml@parallels.com
Edith,Connochie,econnochiemm@blinklist.com
Farica,Capponeer,fcapponeermn@home.pl
Lay,Simoens,lsimoensmo@miibeian.gov.cn
Cori,Jerzykiewicz,cjerzykiewiczmp@cbc.ca
Dedra,Greener,dgreenermq@unesco.org
Sandye,Myles,smylesmr@i2i.jp
Weider,Hume,whumems@gnu.org
Marnie,Chrystie,mchrystiemt@vkontakte.ru
Fenelia,Freiburger,ffreiburgermu@umich.edu
Mella,Cruddace,mcruddacemv@nhs.uk
Aubine,Jukubczak,ajukubczakmw@nps.gov
Bethina,Franscioni,bfranscionimx@guardian.co.uk
Ardisj,Henfre,ahenfremy@rambler.ru
Herby,Morison,hmorisonmz@whitehouse.gov
Barney,Purselowe,bpurselowen0@utexas.edu
Venus,Peddel,vpeddeln1@weather.com
Carma,Mantripp,cmantrippn2@gmpg.org
Leroi,Noquet,lnoquetn3@princeton.edu
Miguela,Duguid,mduguidn4@msn.com
Yetta,Heeks,yheeksn5@vkontakte.ru
Brandea,Lynd,blyndn6@ask.com
Celeste,Linscott,clinscottn7@globo.com
Eb,Chivrall,echivralln8@google.com.hk
Bamby,Akitt,bakittn9@photobucket.com
Dory,Thwaites,dthwaitesna@simplemachines.org
Reggie,Boc,rbocnb@github.io
Kirstin,Celli,kcellinc@hc360.com
Evangelina,Stangroom,estangroomnd@spiegel.de
Son,De Roberto,sderobertone@dropbox.com
Seward,Godmar,sgodmarnf@example.com
Lothario,O'Farris,lofarrisng@hubpages.com
Tommi,Drover,tdrovernh@home.pl
Annabell,Glandon,aglandonni@canalblog.com
Marlow,Disley,mdisleynj@typepad.com
Fairlie,Pittway,fpittwaynk@networksolutions.com
Cesaro,Noell,cnoellnl@hhs.gov
Ross,Skoggins,rskogginsnm@alexa.com
Ora,Beiderbeck,obeiderbecknn@xing.com
Tibold,Jimes,tjimesno@nyu.edu
Casey,Bruckental,cbruckentalnp@rakuten.co.jp
Clo,Ixer,cixernq@tripadvisor.com
Roby,Whitman,rwhitmannr@netvibes.com
Claudelle,Gebb,cgebbns@un.org
Caddric,Belfield,cbelfieldnt@kickstarter.com
Marty,Aldcorn,maldcornnu@utexas.edu
Richmond,Branthwaite,rbranthwaitenv@163.com
Michele,Byrde,mbyrdenw@omniture.com
Belva,MacKettrick,bmackettricknx@google.it
Julee,Groundwater,jgroundwaterny@mapy.cz
Mitch,MacClenan,mmacclenannz@hatena.ne.jp
Johanna,Lembrick,jlembricko0@dropbox.com
Miof mela,Popplewell,mpopplewello1@time.com
Salaidh,Chapelhow,schapelhowo2@com.com
Margie,Thuillier,mthuilliero3@walmart.com
Abba,Steinham,asteinhamo4@yellowpages.com
Calla,Coddington,ccoddingtono5@engadget.com
Dwayne,Ranscomb,dranscombo6@epa.gov
Chrissy,Blewitt,cblewitto7@wikia.com
Tally,O'Kinneally,tokinneallyo8@ovh.net
Dedra,Ranner,drannero9@amazon.co.jp
Franciska,Bernath,fbernathoa@dot.gov
Tresa,Martensen,tmartensenob@huffingtonpost.com
Amalea,Spilisy,aspilisyoc@rambler.ru
Adora,Raffin,araffinod@harvard.edu
Gilligan,Trustrie,gtrustrieoe@miitbeian.gov.cn
Alison,Jovanovic,ajovanovicof@patch.com
Shelba,Senogles,ssenoglesog@vk.com
Petra,Gianetti,pgianettioh@boston.com
Kaylee,Allcorn,kallcornoi@independent.co.uk
Mitch,Proudman,mproudmanoj@clickbank.net
Pennie,Goggan,pgogganok@techcrunch.com
Emmanuel,Milsom,emilsomol@phoca.cz
Talyah,Drage,tdrageom@dailymail.co.uk
Travis,Nelissen,tnelissenon@mtv.com
Malva,Stot,mstotoo@weibo.com
Sabina,Ruddiforth,sruddiforthop@webeden.co.uk
Leif,Sivell,lsivelloq@pinterest.com
Desi,Guinery,dguineryor@nasa.gov
Linette,Presshaugh,lpresshaughos@lulu.com
Courtnay,Swateridge,cswateridgeot@live.com
Austina,Astley,aastleyou@webeden.co.uk
Reiko,Suggitt,rsuggittov@unc.edu
Rodi,Belly,rbellyow@123-reg.co.uk
Selia,Blackaller,sblackallerox@cbc.ca
Oralie,Emberson,oembersonoy@storify.com
Silva,Gudyer,sgudyeroz@discuz.net
Tobi,Davson,tdavsonp0@usnews.com
Kaleb,Jillard,kjillardp1@bloglines.com
Reube,Jakuszewski,rjakuszewskip2@uol.com.br
Donella,Shires,dshiresp3@hhs.gov
Jillene,Brandacci,jbrandaccip4@microsoft.com
Ferdie,Barme,fbarmep5@surveymonkey.com
Abby,Pointin,apointinp6@usda.gov
Naomi,Croneen,ncroneenp7@istockphoto.com
Frieda,Ridehalgh,fridehalghp8@gov.uk
Norrie,Cloy,ncloyp9@com.com
Jaymee,Martusewicz,jmartusewiczpa@gizmodo.com
Bernice,Dumberell,bdumberellpb@hud.gov
Dacy,Handscombe,dhandscombepc@friendfeed.com
Robers,Mundwell,rmundwellpd@example.com
Randell,Boyford,rboyfordpe@google.nl
Niel,Domelaw,ndomelawpf@hhs.gov
Chic,Faherty,cfahertypg@bizjournals.com
Carmelle,Grishaev,cgrishaevph@google.nl
Virge,Luppitt,vluppittpi@seesaa.net
Mariana,Gavrieli,mgavrielipj@merriam-webster.com
Angelle,MacGuigan,amacguiganpk@yale.edu
Letta,Lumb,llumbpl@psu.edu
Sally,Hanrahan,shanrahanpm@elpais.com
Berk,Hutchings,bhutchingspn@blogger.com
Murdock,Baleine,mbaleinepo@businessinsider.com
Tobye,Giabucci,tgiabuccipp@wunderground.com
Maura,Euplate,meuplatepq@time.com
Ruprecht,Sleit,rsleitpr@networksolutions.com
Stanfield,Blezard,sblezardps@buzzfeed.com
Ichabod,Colling,icollingpt@ameblo.jp
Orbadiah,Petrie,opetriepu@dion.ne.jp
Bar,Kelberman,bkelbermanpv@furl.net
Woodrow,Pranger,wprangerpw@ibm.com
Christean,Vamplers,cvamplerspx@yahoo.com
Athene,Gardener,agardenerpy@sciencedirect.com
Timmy,MacGille,tmacgillepz@google.com.au
Adams,Gorden,agordenq0@goo.gl
Bald,Danher,bdanherq1@naver.com
Chance,Dorking,cdorkingq2@nsw.gov.au
Martie,Heimann,mheimannq3@nbcnews.com
Ninetta,Gaunt,ngauntq4@plala.or.jp
Viviyan,Edgeon,vedgeonq5@t-online.de
Georgina,Tomovic,gtomovicq6@jugem.jp
Cleon,Checketts,ccheckettsq7@un.org
Camey,Parkeson,cparkesonq8@cyberchimps.com
Bord,Gettings,bgettingsq9@loc.gov
Elana,Martinek,emartinekqa@last.fm
Lev,Craighill,lcraighillqb@goodreads.com
Rozele,Earey,reareyqc@berkeley.edu
Judith,Tourle,jtourleqd@wisc.edu
Uriel,Tivnan,utivnanqe@imgur.com
Carlene,Vernalls,cvernallsqf@aol.com
Fredi,Heales,fhealesqg@multiply.com
Zeke,Schoales,zschoalesqh@yelp.com
Jen,Gierardi,jgierardiqi@scribd.com
Kalle,Bockett,kbockettqj@xrea.com
Marion,Caldecourt,mcaldecourtqk@google.com.br
Maynord,Pencot,mpencotql@dedecms.com
Eustace,McCaughen,emccaughenqm@about.me
Raynor,Withinshaw,rwithinshawqn@theatlantic.com
Emelen,Ferraron,eferraronqo@sourceforge.net
Flori,Beiderbeck,fbeiderbeckqp@google.es
Derek,Fishleigh,dfishleighqq@wp.com
Jaime,Ellerington,jelleringtonqr@buzzfeed.com
Isidora,Sellar,isellarqs@forbes.com
Harlie,Luton,hlutonqt@storify.com
Piggy,Rope,propequ@google.com.hk
Roseann,Seaborne,rseaborneqv@delicious.com
Caesar,Guillain,cguillainqw@dot.gov
Mala,Soppett,msoppettqx@bbc.co.uk
Claudius,Woodford,cwoodfordqy@craigslist.org
Lane,Rolstone,lrolstoneqz@pbs.org
Dorey,Dow,ddowr0@reddit.com
Ruthann,Whannel,rwhannelr1@ucoz.ru
Torrie,Bettenay,tbettenayr2@addtoany.com
Stormy,Matuszak,smatuszakr3@ning.com
Tadio,Yoxall,tyoxallr4@bbc.co.uk
Pascale,Standring,pstandringr5@seesaa.net
Thurstan,Glasman,tglasmanr6@npr.org
Rabbi,McGirr,rmcgirrr7@meetup.com
Roseanna,Slainey,rslaineyr8@surveymonkey.com
Rosamund,Bartrop,rbartropr9@foxnews.com
Farrand,Maciaszczyk,fmaciaszczykra@exblog.jp
De witt,Asch,daschrb@nationalgeographic.com
Herbert,Tilbury,htilburyrc@wufoo.com
Kinny,Pinke,kpinkerd@apple.com
Ralina,Garret,rgarretre@jalbum.net
Tuck,Kalewe,tkalewerf@google.com.hk
Dwain,Wintour,dwintourrg@twitter.com
Min,Gadsden,mgadsdenrh@zimbio.com
Jolie,Trassler,jtrasslerri@constantcontact.com
Kora,Poynter,kpoynterrj@unblog.fr
Elysia,Caskie,ecaskierk@discovery.com
Rowen,Doerren,rdoerrenrl@ycombinator.com
Delmar,Swiffen,dswiffenrm@princeton.edu
Tobey,Gammill,tgammillrn@bloglovin.com
Junette,Broom,jbroomro@microsoft.com
Dalt,Harwin,dharwinrp@wisc.edu
De witt,Cartner,dcartnerrq@gmpg.org
Lanna,Hiom,lhiomrr@bandcamp.com
